,age,balance,day,duration,campaign,pdays,previous
count,11162.0,11162.0,11162.0,11162.0,11162.0,11162.0,11162.0
mean,41.231947679627304,1528.5385235620856,15.658036194230425,371.99381831213043,2.508421429851281,51.33040673714388,0.8325568894463358
std,11.913369192215526,3225.413325946151,8.420739541006451,347.12838571630584,2.722077181661486,108.75828197197696,2.2920072186705047
min,18.0,-6847.0,1.0,2.0,1.0,-1.0,0.0
25%,32.0,122.0,8.0,138.0,1.0,-1.0,0.0
50%,39.0,550.0,15.0,255.0,2.0,-1.0,0.0
75%,49.0,1708.0,22.0,496.0,3.0,20.75,1.0
max,95.0,81204.0,31.0,3881.0,63.0,854.0,58.0
